{
    "x": -33.474754333496097,
    "z": -3.1531715393066408
}